ID,Name,Email,Phone
1,John Doe,john.doe@example.com,+1-234-567-8901
2,Jane Smith,jane.smith@example.com,+1-234-567-8902
3,Tom Brown,tom.brown@example.com,+1-234-567-8903
4,Emma Johnson,emma.johnson@example.com,+1-234-567-8904
5,Oliver Lee,oliver.lee@example.com,+1-234-567-8905
6,Emily Davis,emily.davis@example.com,+1-234-567-8906
7,James Wilson,james.wilson@example.com,+1-234-567-8907
8,Olivia Martin,olivia.martin@example.com,+1-234-567-8908
9,David Garcia,david.garcia@example.com,+1-234-567-8909
10,Sophia Lopez,sophia.lopez@example.com,+1-234-567-8910
